model,train_mae,train_rmse,train_r2,test_mae,test_rmse,test_r2,rmse_gap
Linear Regression,3.31477162678323,4.652033184880168,0.7508856358979673,3.1890919658878483,4.928602182665336,0.668759493535632,0.2765689977851684
Random Forest Regressor,0.8672718652261928,1.2725423199747241,0.9799537485292461,2.429629938339773,3.1477027611026496,0.8997440615822091,1.8751604411279255
