,model,train_mae,train_rmse,train_r2,test_mae,test_rmse,test_r2,rmse_gap
0,Linear Regression,3.31477162678323,4.6520331848801675,0.7508856358979673,3.1890919658878483,4.928602182665336,0.668759493535632,0.2765689977851684
